{"cameraMode":{"drawMode":0,"name":"Shaded","section":"Shading Mode"},"sceneLighting":true,"audioPlay":false,"sceneViewState":{"m_AlwaysRefresh":false,"showFog":true,"showSkybox":true,"showFlares":true,"showImageEffects":true,"showParticleSystems":true,"showVisualEffectGraphs":true,"m_FxEnabled":true},"in2DMode":false,"pivot":{"x":509.0837707519531,"y":15.532844543457032,"z":496.0003356933594},"rotation":{"x":-0.04363204166293144,"y":-0.7600878477096558,"z":0.051434505730867389,"w":-0.6463420391082764},"size":6.095237731933594,"orthographic":true}