{"cameraMode":{"drawMode":0,"name":"Shaded","section":"Shading Mode"},"sceneLighting":false,"audioPlay":false,"sceneViewState":{"m_AlwaysRefresh":false,"showFog":false,"showSkybox":false,"showFlares":false,"showImageEffects":false,"showParticleSystems":false,"showVisualEffectGraphs":true,"m_FxEnabled":true},"in2DMode":false,"pivot":{"x":-0.023033857345581056,"y":0.87619549036026,"z":-0.010048575699329377},"rotation":{"x":-0.0010816261637955905,"y":0.9982703924179077,"z":0.05546097084879875,"w":0.019468743354082109},"size":1.1256108283996583,"orthographic":false}